{"cameraMode":{"drawMode":0,"name":"Shaded","section":"Shading Mode"},"sceneLighting":false,"audioPlay":false,"sceneViewState":{"showFog":true,"showMaterialUpdate":false,"showSkybox":true,"showFlares":true,"showImageEffects":true,"showParticleSystems":true},"in2DMode":false,"pivot":{"x":0.0,"y":-0.005909239873290062,"z":5.820766091346741e-10},"rotation":{"x":0.27033475041389468,"y":-0.21156345307826997,"z":0.06102225184440613,"w":0.9372493624687195},"size":0.02005116455256939,"orthographic":false}